ds,trend,yhat_lower,yhat_upper,trend_lower,trend_upper,additive_terms,additive_terms_lower,additive_terms_upper,weekly,weekly_lower,weekly_upper,multiplicative_terms,multiplicative_terms_lower,multiplicative_terms_upper,yhat
2023-01-01,37.2906681,36.59607870427367,38.57179154217743,37.2906681,37.2906681,0.33370001935742516,0.33370001935742516,0.33370001935742516,0.33370001935742516,0.33370001935742516,0.33370001935742516,0.0,0.0,0.0,37.62436811935742
2023-01-06,37.2922646243956,36.28372104956178,38.24051748386168,37.2922646243956,37.2922646243956,0.002051323783968153,0.002051323783968153,0.002051323783968153,0.002051323783968153,0.002051323783968153,0.002051323783968153,0.0,0.0,0.0,37.294315948179566
2023-01-17,37.29577697806593,35.9623714887488,38.07993949214959,37.29577697806593,37.29577697806593,-0.2979988030690784,-0.2979988030690784,-0.2979988030690784,-0.2979988030690784,-0.2979988030690784,-0.2979988030690784,0.0,0.0,0.0,36.99777817499685
2023-01-20,37.29673489270329,36.301847138741515,38.29452586076328,37.29673489270329,37.29673489270329,0.002051323783721532,0.002051323783721532,0.002051323783721532,0.002051323783721532,0.002051323783721532,0.002051323783721532,0.0,0.0,0.0,37.29878621648702
2023-01-21,37.29705419758343,36.408551299788485,38.43362292040743,37.29705419758343,37.29705419758343,0.09856749251323448,0.09856749251323448,0.09856749251323448,0.09856749251323448,0.09856749251323448,0.09856749251323448,0.0,0.0,0.0,37.39562169009666
2023-01-27,37.29897002686426,36.32247786754651,38.27727149410006,37.29897002686426,37.29897002686426,0.0020513237836830888,0.0020513237836830888,0.0020513237836830888,0.0020513237836830888,0.0020513237836830888,0.0020513237836830888,0.0,0.0,0.0,37.30102135064794
2023-02-12,37.30407890584376,36.63461134376263,38.69877126526294,37.30407890584376,37.30407890584376,0.33370001935729177,0.33370001935729177,0.33370001935729177,0.33370001935729177,0.33370001935729177,0.33370001935729177,0.0,0.0,0.0,37.637778925201054
2023-02-16,37.30535612558864,36.421499393455306,38.38365212301081,37.30535612558864,37.30535612558864,0.08645416080006428,0.08645416080006428,0.08645416080006428,0.08645416080006428,0.08645416080006428,0.08645416080006428,0.0,0.0,0.0,37.391810286388704
2023-02-17,37.30567543052485,36.33986272618119,38.280067136348144,37.30567543052485,37.30567543052485,0.002051323783758857,0.002051323783758857,0.002051323783758857,0.002051323783758857,0.002051323783758857,0.002051323783758857,0.0,0.0,0.0,37.30772675430861
2023-02-23,37.307591260498164,36.42724131552829,38.38154879174842,37.307591260498164,37.307591260498164,0.08645416079983037,0.08645416079983037,0.08645416079983037,0.08645416079983037,0.08645416079983037,0.08645416079983037,0.0,0.0,0.0,37.394045421297996
2023-02-26,37.30854917548482,36.6954587915437,38.6072923614092,37.30854917548482,37.30854917548482,0.33370001935737637,0.33370001935737637,0.33370001935737637,0.33370001935737637,0.33370001935737637,0.33370001935737637,0.0,0.0,0.0,37.642249194842194
2023-03-03,37.310145700462584,36.320556867817785,38.331537144371275,37.310145700462584,37.310145700462584,0.0020513237840428075,0.0020513237840428075,0.0020513237840428075,0.0020513237840428075,0.0020513237840428075,0.0020513237840428075,0.0,0.0,0.0,37.31219702424663
2023-03-11,37.312970815176456,36.431351037535556,38.42506382008325,37.312970815176456,37.312970815176456,0.09856749251258963,0.09856749251258963,0.09856749251258963,0.09856749251258963,0.09856749251258963,0.09856749251258963,0.0,0.0,0.0,37.41153830768904
2023-03-14,37.31403023319415,36.00200258444802,37.93812289812663,37.31403023319415,37.31403023319415,-0.297998803068831,-0.297998803068831,-0.297998803068831,-0.297998803068831,-0.297998803068831,-0.297998803068831,0.0,0.0,0.0,37.016031430125324
2023-03-16,37.31473651187262,36.386329584570014,38.37420226594205,37.31473651187262,37.31473651187262,0.0864541608000284,0.0864541608000284,0.0864541608000284,0.0864541608000284,0.0864541608000284,0.0864541608000284,0.0,0.0,0.0,37.40119067267265
2023-03-19,37.31600106380378,36.65231031959251,38.64127890292169,37.31600106380378,37.31600106380378,0.33370001935729654,0.33370001935729654,0.33370001935729654,0.33370001935729654,0.33370001935729654,0.33370001935729654,0.0,0.0,0.0,37.64970108316108
2023-03-24,37.31810865035572,36.38211655876329,38.26243190096672,37.31810865035572,37.31810865035572,0.002051323783821416,0.002051323783821416,0.002051323783821416,0.002051323783821416,0.002051323783821416,0.002051323783821416,0.0,0.0,0.0,37.32015997413954
2023-03-30,37.321084243929576,36.45612920785316,38.419204381286896,37.321084243929576,37.321084243929576,0.08645416079977523,0.08645416079977523,0.08645416079977523,0.08645416079977523,0.08645416079977523,0.08645416079977523,0.0,0.0,0.0,37.40753840472935
2023-03-31,37.32158017619189,36.39701593589016,38.2904031830106,37.32158017619189,37.32158017619189,0.0020513237841438578,0.0020513237841438578,0.0020513237841438578,0.0020513237841438578,0.0020513237841438578,0.0020513237841438578,0.0,0.0,0.0,37.32363149997603
2023-04-02,37.322572040716516,36.65292996167185,38.61713286904644,37.322572040716516,37.322572040716516,0.3337000193572007,0.3337000193572007,0.3337000193572007,0.3337000193572007,0.3337000193572007,0.3337000193572007,0.0,0.0,0.0,37.65627206007372
2023-04-12,37.342656303174785,36.179605471880215,38.146576888278574,37.342656303174785,37.342656303174785,-0.20383167616222783,-0.20383167616222783,-0.20383167616222783,-0.20383167616222783,-0.20383167616222783,-0.20383167616222783,0.0,0.0,0.0,37.13882462701255
2023-04-14,37.34667315566644,36.31055737499958,38.31153535187103,37.34667315566644,37.34667315566644,0.0020513237841306635,0.0020513237841306635,0.0020513237841306635,0.0020513237841306635,0.0020513237841306635,0.0020513237841306635,0.0,0.0,0.0,37.34872447945057
2023-04-18,37.35470686064974,36.04578228158502,38.011454548840504,37.35470686064974,37.35470686064974,-0.29799880306879595,-0.29799880306879595,-0.29799880306879595,-0.29799880306879595,-0.29799880306879595,-0.29799880306879595,0.0,0.0,0.0,37.05670805758095
2023-04-24,37.367055952754924,36.40800112436379,38.24552011665732,37.367055952754924,37.367055952754924,-0.01894251722300061,-0.01894251722300061,-0.01894251722300061,-0.01894251722300061,-0.01894251722300061,-0.01894251722300061,0.0,0.0,0.0,37.34811343553192
2023-05-03,37.3855795909127,36.1708749996588,38.12313765427986,37.3855795909127,37.3855795909127,-0.20383167616273964,-0.20383167616273964,-0.20383167616273964,-0.20383167616273964,-0.20383167616273964,-0.20383167616273964,0.0,0.0,0.0,37.181747914749955
2023-05-15,37.41034191716207,36.433138340177614,38.39747133473224,37.41034191716207,37.41034191716207,-0.018942517222094113,-0.018942517222094113,-0.018942517222094113,-0.018942517222094113,-0.018942517222094113,-0.018942517222094113,0.0,0.0,0.0,37.39139939993998
2023-05-21,37.42272308028676,36.75584032861055,38.78264066346887,37.42272308028676,37.42272308028676,0.3337000193571095,0.3337000193571095,0.3337000193571095,0.3337000193571095,0.3337000193571095,0.3337000193571095,0.0,0.0,0.0,37.75642309964387
2023-05-25,37.430977189036554,36.56947286654417,38.518798516793325,37.430977189036554,37.430977189036554,0.08645416079991813,0.08645416079991813,0.08645416079991813,0.08645416079991813,0.08645416079991813,0.08645416079991813,0.0,0.0,0.0,37.51743134983647
2023-05-27,37.435104243595774,36.606349227346215,38.52591349134152,37.435104243595774,37.435104243595774,0.09856749251244588,0.09856749251244588,0.09856749251244588,0.09856749251244588,0.09856749251244588,0.09856749251244588,0.0,0.0,0.0,37.53367173610822
2023-05-30,37.441294825434596,36.08331211361892,38.1428823164318,37.441294825434596,37.441294825434596,-0.2979988030688497,-0.2979988030688497,-0.2979988030688497,-0.2979988030688497,-0.2979988030688497,-0.2979988030688497,0.0,0.0,0.0,37.143296022365746
2023-05-31,37.44335835271421,36.303421803440415,38.21116436291568,37.44335835271421,37.44335835271421,-0.2038316761631293,-0.2038316761631293,-0.2038316761631293,-0.2038316761631293,-0.2038316761631293,-0.2038316761631293,0.0,0.0,0.0,37.23952667655109
2023-06-01,37.44542187993855,36.588262074075786,38.51023523845811,37.44542187993855,37.44542187993855,0.08645416080015474,0.08645416080015474,0.08645416080015474,0.08645416080015474,0.08645416080015474,0.08645416080015474,0.0,0.0,0.0,37.5318760407387
2023-06-07,37.457803043284585,36.3039160493021,38.22060152966347,37.457803043284585,37.457803043284585,-0.20383167616284326,-0.20383167616284326,-0.20383167616284326,-0.20383167616284326,-0.20383167616284326,-0.20383167616284326,0.0,0.0,0.0,37.25397136712174
2023-06-10,37.4639936249576,36.5860511646646,38.45274459567019,37.4639936249576,37.4639936249576,0.09856749251297604,0.09856749251297604,0.09856749251297604,0.09856749251297604,0.09856749251297604,0.09856749251297604,0.0,0.0,0.0,37.56256111747058
2023-06-11,37.46605715224433,36.82981013926028,38.80575474913466,37.46605715224433,37.46605715224433,0.3337000193572626,0.3337000193572626,0.3337000193572626,0.3337000193572626,0.3337000193572626,0.3337000193572626,0.0,0.0,0.0,37.79975717160159
2023-06-12,37.46812067953106,36.525247024725154,38.40247069063981,37.46812067953106,37.46812067953106,-0.018942517223392217,-0.018942517223392217,-0.018942517223392217,-0.018942517223392217,-0.018942517223392217,-0.018942517223392217,0.0,0.0,0.0,37.44917816230767
2023-06-17,37.47843831594569,36.59877086476797,38.58464392484138,37.47843831594569,37.47843831594569,0.09856749251338091,0.09856749251338091,0.09856749251338091,0.09856749251338091,0.09856749251338091,0.09856749251338091,0.0,0.0,0.0,37.57700580845907
2023-06-18,37.480501843228616,36.88887385377343,38.72692314281435,37.480501843228616,37.480501843228616,0.3337000193573048,0.3337000193573048,0.3337000193573048,0.3337000193573048,0.3337000193573048,0.3337000193573048,0.0,0.0,0.0,37.81420186258592
2023-06-20,37.48462889779447,36.19064492734812,38.16061861337616,37.48462889779447,37.48462889779447,-0.2979988030690764,-0.2979988030690764,-0.2979988030690764,-0.2979988030690764,-0.2979988030690764,-0.2979988030690764,0.0,0.0,0.0,37.186630094725395
2023-06-22,37.488755952479075,36.63740930092295,38.55045601263474,37.488755952479075,37.488755952479075,0.08645416079988227,0.08645416079988227,0.08645416079988227,0.08645416079988227,0.08645416079988227,0.08645416079988227,0.0,0.0,0.0,37.575210113278956
2023-06-29,37.50320064387522,36.690297003672214,38.528556790001296,37.50320064387522,37.50320064387522,0.086454160799863,0.086454160799863,0.086454160799863,0.086454160799863,0.086454160799863,0.086454160799863,0.0,0.0,0.0,37.58965480467508
2023-07-01,37.50732769855982,36.58726555896309,38.563783940517695,37.50732769855982,37.50732769855982,0.09856749251363149,0.09856749251363149,0.09856749251363149,0.09856749251363149,0.09856749251363149,0.09856749251363149,0.0,0.0,0.0,37.60589519107345
2023-07-03,37.51145475338182,36.508417666005215,38.45459063881844,37.51145475338182,37.51145475338182,-0.01894251722267127,-0.01894251722267127,-0.01894251722267127,-0.01894251722267127,-0.01894251722267127,-0.01894251722267127,0.0,0.0,0.0,37.49251223615915
2023-07-05,37.51558180820382,36.37412697235872,38.30871603773287,37.51558180820382,37.51558180820382,-0.20383167616202674,-0.20383167616202674,-0.20383167616202674,-0.20383167616202674,-0.20383167616202674,-0.20383167616202674,0.0,0.0,0.0,37.311750132041794
2023-07-06,37.51764533561482,36.557815829106644,38.583885786204874,37.51764533561482,37.51764533561482,0.08645416079984374,0.08645416079984374,0.08645416079984374,0.08645416079984374,0.08645416079984374,0.08645416079984374,0.0,0.0,0.0,37.60409949641467
2023-07-11,37.52796297235253,36.32595235790982,38.168661373708446,37.52796297235253,37.52796297235253,-0.2979988030689034,-0.2979988030689034,-0.2979988030689034,-0.2979988030689034,-0.2979988030689034,-0.2979988030689034,0.0,0.0,0.0,37.22996416928363
2023-07-13,37.532090027047616,36.71312475031669,38.7007378734665,37.532090027047616,37.532090027047616,0.08645416079960982,0.08645416079960982,0.08645416079960982,0.08645416079960982,0.08645416079960982,0.08645416079960982,0.0,0.0,0.0,37.61854418784723
2023-07-15,37.536217081811486,36.67293326046768,38.61351403005477,37.536217081811486,37.536217081811486,0.09856749251312112,0.09856749251312112,0.09856749251312112,0.09856749251312112,0.09856749251312112,0.09856749251312112,0.0,0.0,0.0,37.634784574324605
2023-07-18,37.54240766395729,36.319345004961605,38.23903596652902,37.54240766395729,37.54240766395729,-0.29799880306895266,-0.29799880306895266,-0.29799880306895266,-0.29799880306895266,-0.29799880306895266,-0.29799880306895266,0.0,0.0,0.0,37.24440886088834
2023-07-20,37.54653471872117,36.7415778932807,38.627965895171776,37.54653471872117,37.54653471872117,0.08645416079959055,0.08645416079959055,0.08645416079959055,0.08645416079959055,0.08645416079959055,0.08645416079959055,0.0,0.0,0.0,37.63298887952076
2023-07-21,37.548598246110856,36.61789786301902,38.59089270263683,37.548598246110856,37.548598246110856,0.0020513237837625265,0.0020513237837625265,0.0020513237837625265,0.0020513237837625265,0.0020513237837625265,0.0020513237837625265,0.0,0.0,0.0,37.55064956989462
2023-07-27,37.56097941044902,36.6608521696347,38.63922849506642,37.56097941044902,37.56097941044902,0.08645416079982714,0.08645416079982714,0.08645416079982714,0.08645416079982714,0.08645416079982714,0.08645416079982714,0.0,0.0,0.0,37.64743357124885
2023-08-01,37.57129704739748,36.3071037428725,38.28600998036408,37.57129704739748,37.57129704739748,-0.29799880306909066,-0.29799880306909066,-0.29799880306909066,-0.29799880306909066,-0.29799880306909066,-0.29799880306909066,0.0,0.0,0.0,37.27329824432839
2023-08-03,37.57542410220773,36.63196304686876,38.58962433046212,37.57542410220773,37.57542410220773,0.08645416079955201,0.08645416079955201,0.08645416079955201,0.08645416079955201,0.08645416079955201,0.08645416079955201,0.0,0.0,0.0,37.66187826300728
2023-08-05,37.579551157017974,36.63867245913373,38.647010778243704,37.579551157017974,37.579551157017974,0.09856749251349702,0.09856749251349702,0.09856749251349702,0.09856749251349702,0.09856749251349702,0.09856749251349702,0.0,0.0,0.0,37.67811864953147
2023-08-10,37.58986867971712,36.67518685930973,38.59327789733371,37.58986867971712,37.58986867971712,0.0864541607997886,0.0864541607997886,0.0864541607997886,0.0864541607997886,0.0864541607997886,0.0864541607997886,0.0,0.0,0.0,37.67632284051691
2023-08-14,37.598122697876434,36.56511465504685,38.56738679303768,37.598122697876434,37.598122697876434,-0.018942517222877524,-0.018942517222877524,-0.018942517222877524,-0.018942517222877524,-0.018942517222877524,-0.018942517222877524,0.0,0.0,0.0,37.57918018065356
2023-08-20,37.61050372511541,37.01696674331967,38.91339251454619,37.61050372511541,37.61050372511541,0.33370001935711785,0.33370001935711785,0.33370001935711785,0.33370001935711785,0.33370001935711785,0.33370001935711785,0.0,0.0,0.0,37.944203744472524
2023-08-24,37.61867537102857,36.72712962998889,38.662576693995575,37.61867537102857,37.61867537102857,0.08645416080000592,0.08645416080000592,0.08645416080000592,0.08645416080000592,0.08645416080000592,0.08645416080000592,0.0,0.0,0.0,37.705129531828575
2023-08-30,37.63093283989832,36.42494536084062,38.34830464395202,37.63093283989832,37.63093283989832,-0.20383167616264208,-0.20383167616264208,-0.20383167616264208,-0.20383167616264208,-0.20383167616264208,-0.20383167616264208,0.0,0.0,0.0,37.42710116373568
2023-09-06,37.645233220246354,36.445641693044976,38.426134131497165,37.645233220246354,37.645233220246354,-0.203831676162356,-0.203831676162356,-0.203831676162356,-0.203831676162356,-0.203831676162356,-0.203831676162356,0.0,0.0,0.0,37.441401544083995
2023-09-21,37.67550483903473,36.78961498614074,38.721551456532566,37.67550483903473,37.67550483903473,0.08645416079997005,0.08645416079997005,0.08645416079997005,0.08645416079997005,0.08645416079997005,0.08645416079997005,0.0,0.0,0.0,37.7619589998347
2023-10-05,37.703758349903886,36.82848124755012,38.77028497979379,37.703758349903886,37.703758349903886,0.08645416079993151,0.08645416079993151,0.08645416079993151,0.08645416079993151,0.08645416079993151,0.08645416079993151,0.0,0.0,0.0,37.79021251070382
2023-10-08,37.70981267366156,37.04204514314956,39.07854387961553,37.70981267366156,37.70981267366156,0.33370001935723337,0.33370001935723337,0.33370001935723337,0.33370001935723337,0.33370001935723337,0.33370001935723337,0.0,0.0,0.0,38.04351269301879
2023-10-12,37.717740406315386,36.866875011430714,38.686940808363005,37.717740406315386,37.717740406315386,0.0864541608001681,0.0864541608001681,0.0864541608001681,0.0864541608001681,0.0864541608001681,0.0864541608001681,0.0,0.0,0.0,37.80419456711555
2023-10-15,37.72368620580575,37.071200829824114,39.02150661534807,37.72368620580575,37.72368620580575,0.3337000193570691,0.3337000193570691,0.3337000193570691,0.3337000193570691,0.3337000193570691,0.3337000193570691,0.0,0.0,0.0,38.057386225162816
2023-10-20,37.71219536791424,36.772624865847355,38.73754235115748,37.71219536791424,37.71219536791424,0.002051323783899702,0.002051323783899702,0.002051323783899702,0.002051323783899702,0.002051323783899702,0.002051323783899702,0.0,0.0,0.0,37.71424669169814
2023-10-25,37.70070453002273,36.485819234158946,38.42354784749041,37.70070453002273,37.70070453002273,-0.2038316761622153,-0.2038316761622153,-0.2038316761622153,-0.2038316761622153,-0.2038316761622153,-0.2038316761622153,0.0,0.0,0.0,37.496872853860516
2023-10-28,37.693810027287824,36.82272940946475,38.84043567000239,37.693810027287824,37.693810027287824,0.09856749251375811,0.09856749251375811,0.09856749251375811,0.09856749251375811,0.09856749251375811,0.09856749251375811,0.0,0.0,0.0,37.79237751980158
2023-10-30,37.68901412380319,36.742240435303934,38.64124408467623,37.68901412380319,37.68901412380319,-0.018942517222826315,-0.018942517222826315,-0.018942517222826315,-0.018942517222826315,-0.018942517222826315,-0.018942517222826315,0.0,0.0,0.0,37.670071606580365
2023-10-31,37.68661617206088,36.36289475503214,38.3814752439444,37.68661617206088,37.68661617206088,-0.29799880306880816,-0.29799880306880816,-0.29799880306880816,-0.29799880306880816,-0.29799880306880816,-0.29799880306880816,0.0,0.0,0.0,37.38861736899207
2023-11-09,37.66503460638006,36.77045528296707,38.75306755470576,37.66503460638006,37.66503460638006,0.08645416079966174,0.08645416079966174,0.08645416079966174,0.08645416079966174,0.08645416079966174,0.08645416079966174,0.0,0.0,0.0,37.75148876717972
2023-11-11,37.660238702895434,36.746296837550155,38.726754484011245,37.660238702895434,37.660238702895434,0.09856749251324777,0.09856749251324777,0.09856749251324777,0.09856749251324777,0.09856749251324777,0.09856749251324777,0.0,0.0,0.0,37.75880619540868
2023-11-16,37.64824894418387,36.86428339409337,38.76054578257187,37.64824894418387,37.64824894418387,0.08645416079964245,0.08645416079964245,0.08645416079964245,0.08645416079964245,0.08645416079964245,0.08645416079964245,0.0,0.0,0.0,37.73470310498351
2023-11-20,37.63865713721461,36.65444629599382,38.65248510758647,37.63865713721461,37.63865713721461,-0.018942517221919863,-0.018942517221919863,-0.018942517221919863,-0.018942517221919863,-0.018942517221919863,-0.018942517221919863,0.0,0.0,0.0,37.619714619992685
2023-11-23,37.63146328198767,36.767317034683394,38.71919641032817,37.63146328198767,37.63146328198767,0.08645416079987905,0.08645416079987905,0.08645416079987905,0.08645416079987905,0.08645416079987905,0.08645416079987905,0.0,0.0,0.0,37.71791744278755
2023-12-07,37.59789195759529,36.723485664347805,38.606097582571216,37.59789195759529,37.59789195759529,0.08645416079984052,0.08645416079984052,0.08645416079984052,0.08645416079984052,0.08645416079984052,0.08645416079984052,0.0,0.0,0.0,37.684346118395126
2023-12-08,37.59549400585297,36.58729164533315,38.52211445728531,37.59549400585297,37.59549400585297,0.0020513237840127977,0.0020513237840127977,0.0020513237840127977,0.0020513237840127977,0.0020513237840127977,0.0020513237840127977,0.0,0.0,0.0,37.597545329636986
2023-12-09,37.59309605411066,36.725990068433454,38.716509698552215,37.59309605411066,37.59309605411066,0.09856749251270835,0.09856749251270835,0.09856749251270835,0.09856749251270835,0.09856749251270835,0.09856749251270835,0.0,0.0,0.0,37.69166354662337
2023-12-12,37.585902198883716,36.430761374515384,38.33590653090229,37.585902198883716,37.585902198883716,-0.2979988030688619,-0.2979988030688619,-0.2979988030688619,-0.2979988030688619,-0.2979988030688619,-0.2979988030688619,0.0,0.0,0.0,37.28790339581485
2023-12-15,37.57870834365678,36.603460203399486,38.570700131357164,37.57870834365678,37.57870834365678,0.002051323783740924,0.002051323783740924,0.002051323783740924,0.002051323783740924,0.002051323783740924,0.002051323783740924,0.0,0.0,0.0,37.58075966744052
2023-12-19,37.569116536687524,36.31486439143816,38.3157985971574,37.569116536687524,37.569116536687524,-0.29799880306899007,-0.29799880306899007,-0.29799880306899007,-0.29799880306899007,-0.29799880306899007,-0.29799880306899007,0.0,0.0,0.0,37.27111773361853
2023-12-20,37.56671858494521,36.423370520726266,38.33304720832192,37.56671858494521,37.56671858494521,-0.20383167616283063,-0.20383167616283063,-0.20383167616283063,-0.20383167616283063,-0.20383167616283063,-0.20383167616283063,0.0,0.0,0.0,37.36288690878238
2023-12-23,37.55952472971827,36.60821570478002,38.60337285833059,37.55952472971827,37.55952472971827,0.09856749251323851,0.09856749251323851,0.09856749251323851,0.09856749251323851,0.09856749251323851,0.09856749251323851,0.0,0.0,0.0,37.65809222223151
2023-12-26,37.55233087449133,36.317489879225406,38.23224337634604,37.55233087449133,37.55233087449133,-0.2979988030690393,-0.2979988030690393,-0.2979988030690393,-0.2979988030690393,-0.2979988030690393,-0.2979988030690393,0.0,0.0,0.0,37.25433207142229
2023-12-27,37.549932922749015,36.398112384555986,38.33590113189899,37.549932922749015,37.549932922749015,-0.20383167616254455,-0.20383167616254455,-0.20383167616254455,-0.20383167616254455,-0.20383167616254455,-0.20383167616254455,0.0,0.0,0.0,37.34610124658647
2023-12-31,37.54034111577976,36.96734418695449,38.79790995938024,37.54034111577976,37.54034111577976,0.3337000193571733,0.3337000193571733,0.3337000193571733,0.3337000193571733,0.3337000193571733,0.3337000193571733,0.0,0.0,0.0,37.874041135136935
2024-01-01,37.53794316403745,36.59196896151176,38.49429517824213,37.53794316403745,37.53794316403745,-0.018942517223959746,-0.018942517223959746,-0.018942517223959746,-0.018942517223959746,-0.018942517223959746,-0.018942517223959746,0.0,0.0,0.0,37.51900064681349
2024-01-02,37.53554521229514,36.24187269990503,38.23291731511871,37.53554521229514,37.53554521229514,-0.29799880306868887,-0.29799880306868887,-0.29799880306868887,-0.29799880306868887,-0.29799880306868887,-0.29799880306868887,0.0,0.0,0.0,37.237546409226454
2024-01-03,37.53314726055282,36.38227758373415,38.302098370875385,37.53314726055282,37.533169065926685,-0.2038316761624224,-0.2038316761624224,-0.2038316761624224,-0.2038316761624224,-0.2038316761624224,-0.2038316761624224,0.0,0.0,0.0,37.3293155843904
2024-01-04,37.53074930881051,36.617029745920306,38.59235612227624,37.53070146053367,37.530838756379,0.08645416079980464,0.08645416079980464,0.08645416079980464,0.08645416079980464,0.08645416079980464,0.08645416079980464,0.0,0.0,0.0,37.61720346961032
2024-01-05,37.528351357068196,36.63879160053612,38.470321160858234,37.52820428106091,37.52857260769137,0.0020513237843472806,0.0020513237843472806,0.0020513237843472806,0.0020513237843472806,0.0020513237843472806,0.0020513237843472806,0.0,0.0,0.0,37.530402680852546
2024-01-06,37.525953405325886,36.615270268362394,38.599116629746774,37.52560865063903,37.52631092327382,0.09856749251348912,0.09856749251348912,0.09856749251348912,0.09856749251348912,0.09856749251348912,0.09856749251348912,0.0,0.0,0.0,37.624520897839375
2024-01-07,37.52355545358357,36.868718961923335,38.83813025043966,37.52300591543269,37.52402772271613,0.33370001935721555,0.33370001935721555,0.33370001935721555,0.33370001935721555,0.33370001935721555,0.33370001935721555,0.0,0.0,0.0,37.857255472940786
2024-01-08,37.52115750184125,36.56214791411605,38.46795535377416,37.520351826189604,37.52180531188814,-0.018942517222404212,-0.018942517222404212,-0.018942517222404212,-0.018942517222404212,-0.018942517222404212,-0.018942517222404212,0.0,0.0,0.0,37.502214984618846
2024-01-09,37.51875955009894,36.21807307119445,38.19101957345419,37.5177532501376,37.51956846110235,-0.2979988030687776,-0.2979988030687776,-0.2979988030687776,-0.2979988030687776,-0.2979988030687776,-0.2979988030687776,0.0,0.0,0.0,37.22076074703016
2024-01-10,37.51636159835663,36.384108022173685,38.296248198444125,37.515090574701155,37.5174095621702,-0.20383167616197242,-0.20383167616197242,-0.20383167616197242,-0.20383167616197242,-0.20383167616197242,-0.20383167616197242,0.0,0.0,0.0,37.312529922194656
2024-01-11,37.513963646614314,36.646639392645085,38.5110324598072,37.5124812817569,37.51524231065055,0.08645416080004124,0.08645416080004124,0.08645416080004124,0.08645416080004124,0.08645416080004124,0.08645416080004124,0.0,0.0,0.0,37.60041780741435
2024-01-12,37.511565694872004,36.572537998306906,38.53795509090287,37.50981142821857,37.513088833516164,0.0020513237840753757,0.0020513237840753757,0.0020513237840753757,0.0020513237840753757,0.0020513237840753757,0.0020513237840753757,0.0,0.0,0.0,37.51361701865608
2024-01-13,37.50916774312969,36.63124714121774,38.580254589792425,37.5070578430066,37.511016506827744,0.09856749251257389,0.09856749251257389,0.09856749251257389,0.09856749251257389,0.09856749251257389,0.09856749251257389,0.0,0.0,0.0,37.60773523564226
2024-01-14,37.50676979138738,36.86982073172534,38.83895523861486,37.504232007860246,37.50896922752162,0.3337000193570512,0.3337000193570512,0.3337000193570512,0.3337000193570512,0.3337000193570512,0.3337000193570512,0.0,0.0,0.0,37.84046981074443
2024-01-15,37.50437183964506,36.46730944595369,38.48487141094972,37.50147024204114,37.506853545702995,-0.01894251722277512,-0.01894251722277512,-0.01894251722277512,-0.01894251722277512,-0.01894251722277512,-0.01894251722277512,0.0,0.0,0.0,37.485429322422284
2024-01-16,37.50197388790275,36.271069232052845,38.20785335654675,37.498671316030915,37.50489692506065,-0.29799880306886634,-0.29799880306886634,-0.29799880306886634,-0.29799880306886634,-0.29799880306886634,-0.29799880306886634,0.0,0.0,0.0,37.203975084833885
2024-01-17,37.49957593616043,36.354046076345725,38.22738020466453,37.49584575154562,37.502819517958834,-0.20383167616185027,-0.20383167616185027,-0.20383167616185027,-0.20383167616185027,-0.20383167616185027,-0.20383167616185027,0.0,0.0,0.0,37.295744259998585
2024-01-18,37.49717798441812,36.630428812674865,38.54606436224702,37.49302219353011,37.50082527004864,0.08645416080002197,0.08645416080002197,0.08645416080002197,0.08645416080002197,0.08645416080002197,0.08645416080002197,0.0,0.0,0.0,37.58363214521815
2024-01-19,37.494780032675806,36.50091056817831,38.42361735668603,37.49024019452812,37.498813854217616,0.0020513237838034977,0.0020513237838034977,0.0020513237838034977,0.0020513237838034977,0.0020513237838034977,0.0020513237838034977,0.0,0.0,0.0,37.49683135645961
2024-01-20,37.492382080933496,36.62908452829179,38.59927636817306,37.487419580008726,37.4967281379737,0.09856749251269917,0.09856749251269917,0.09856749251269917,0.09856749251269917,0.09856749251269917,0.09856749251269917,0.0,0.0,0.0,37.590949573446196
2024-01-21,37.489984129191186,36.84067333432461,38.76524192982988,37.484561926868814,37.49485507509669,0.3337000193573002,0.3337000193573002,0.3337000193573002,0.3337000193573002,0.3337000193573002,0.3337000193573002,0.0,0.0,0.0,37.82368414854849
2024-01-22,37.48758617744887,36.51206551343246,38.44469994022307,37.481814175326775,37.492887523966395,-0.01894251722314601,-0.01894251722314601,-0.01894251722314601,-0.01894251722314601,-0.01894251722314601,-0.01894251722314601,0.0,0.0,0.0,37.46864366022572
2024-01-23,37.48518822570656,36.26582440874158,38.15114778333817,37.47903883193912,37.49086443041684,-0.2979988030689156,-0.2979988030689156,-0.2979988030689156,-0.2979988030689156,-0.2979988030689156,-0.2979988030689156,0.0,0.0,0.0,37.187189422637644
2024-01-24,37.48279027396424,36.328363413290596,38.24363008656331,37.47605875574688,37.488993974876934,-0.20383167616293424,-0.20383167616293424,-0.20383167616293424,-0.20383167616293424,-0.20383167616293424,-0.20383167616293424,0.0,0.0,0.0,37.27895859780131
2024-01-25,37.48039232222193,36.534585694105935,38.570948888826315,37.47328656785419,37.48699918602709,0.08645416080025856,0.08645416080025856,0.08645416080025856,0.08645416080025856,0.08645416080025856,0.08645416080025856,0.0,0.0,0.0,37.56684648302219
2024-01-26,37.477994370479614,36.45028288922654,38.44650980069434,37.47052349134051,37.4851008934651,0.0020513237838287314,0.0020513237838287314,0.0020513237838287314,0.0020513237838287314,0.0020513237838287314,0.0020513237838287314,0.0,0.0,0.0,37.480045694263445
2024-01-27,37.4755964187373,36.5682169324952,38.58802954591653,37.467743268577976,37.483171913801876,0.09856749251282444,0.09856749251282444,0.09856749251282444,0.09856749251282444,0.09856749251282444,0.09856749251282444,0.0,0.0,0.0,37.574163911250125
2024-01-28,37.47319846699499,36.81528227862128,38.78179268737318,37.464731146177236,37.4812117790503,0.3337000193571358,0.3337000193571358,0.3337000193571358,0.3337000193571358,0.3337000193571358,0.3337000193571358,0.0,0.0,0.0,37.806898486352125
2024-01-29,37.47080051525268,36.49323958700553,38.4671015586931,37.46180436131452,37.479305693513275,-0.018942517221590488,-0.018942517221590488,-0.018942517221590488,-0.018942517221590488,-0.018942517221590488,-0.018942517221590488,0.0,0.0,0.0,37.45185799803109
2024-01-30,37.46840256351036,36.2210819390222,38.19920857440024,37.45878674683217,37.47735691121281,-0.29799880306896487,-0.29799880306896487,-0.29799880306896487,-0.29799880306896487,-0.29799880306896487,-0.29799880306896487,0.0,0.0,0.0,37.170403760441395
